,DBC,TIP,TLT,VEA,VNQ,VNQI,VTI,VWO
2001-06-08,,,,,,,116.4,
2001-06-15,,,,,,,111.3,
2001-06-22,,,,,,,112.3,
2001-06-29,,,,,,,113.0,
2001-07-06,,,,,,,109.0,
2001-07-13,,,,,,,111.5,
2001-07-20,,,,,,,111.0,
2001-07-27,,,,,,,110.5,
2001-08-03,,,,,,,111.3,
2001-08-10,,,,,,,109.0,
2001-08-17,,,,,,,106.7,
2001-08-24,,,,,,,108.7,
2001-08-31,,,,,,,104.4,
2001-09-07,,,,,,,99.5,
2001-09-10,,,,,,,100.3,
2001-09-21,,,,,,,88.55,
2001-09-28,,,,,,,94.95,
2001-10-05,,,,,,,97.3,
2001-10-12,,,,,,,99.33,
2001-10-19,,,,,,,97.76,
2001-10-26,,,,,,,100.7,
2001-11-02,,,,,,,99.1,
2001-11-09,,,,,,,102.1,
2001-11-16,,,,,,,104.0,
2001-11-23,,,,,,,104.9,
2001-11-30,,,,,,,104.3,
2001-12-07,,,,,,,107.1,
2001-12-14,,,,,,,103.6,
2001-12-21,,,,,,,105.6,
2001-12-28,,,,,,,106.9,
2002-01-04,,,,,,,108.1,
2002-01-11,,,,,,,105.8,
2002-01-18,,,,,,,104.0,
2002-01-25,,,,,,,104.7,
2002-02-01,,,,,,,103.9,
2002-02-08,,,,,,,101.3,
2002-02-15,,,,,,,102.2,
2002-02-22,,,,,,,100.6,
2002-03-01,,,,,,,104.7,
2002-03-08,,,,,,,107.9,
2002-03-15,,,,,,,107.9,
2002-03-22,,,,,,,106.8,
2002-03-28,,,,,,,106.1,
2002-04-05,,,,,,,104.5,
2002-04-12,,,,,,,103.9,
2002-04-19,,,,,,,105.2,
2002-04-26,,,,,,,100.6,
2002-05-03,,,,,,,100.8,
2002-05-10,,,,,,,99.0,
2002-05-17,,,,,,,103.7,
2002-05-24,,,,,,,101.4,
2002-05-31,,,,,,,99.95,
2002-06-07,,,,,,,96.71,
2002-06-14,,,,,,,94.48,
2002-06-21,,,,,,,93.01,
2002-06-28,,,,,,,92.8,
2002-07-05,,,,,,,92.39,
2002-07-12,,,,,,,86.45,
2002-07-19,,,,,,,79.7,
2002-07-26,,,,,,,80.0,
2002-08-02,,,83.85,,,,80.95,
2002-08-09,,,84.88,,,,84.8,
2002-08-16,,,85.06,,,,86.75,
2002-08-23,,,85.9,,,,88.15,
2002-08-30,,,87.08,,,,85.71,
2002-09-06,,,87.46,,,,84.2,
2002-09-13,,,88.78,,,,83.6,
2002-09-20,,,89.3,,,,79.54,
2002-09-27,,,90.04,,,,78.01,
2002-10-04,,,89.51,,,,75.32,
2002-10-11,,,88.38,,,,78.23,
2002-10-18,,,85.37,,,,82.37,
2002-10-25,,,85.38,,,,83.84,
2002-11-01,,,85.98,,,,84.2,
2002-11-08,,,88.44,,,,83.4,
2002-11-15,,,87.11,,,,85.0,
2002-11-22,,,86.04,,,,87.1,
2002-11-29,,,85.55,,,,87.44,
2002-12-06,,,86.17,,,,85.52,
2002-12-13,,,86.53,,,,83.5,
2002-12-20,,,87.38,,,,84.07,
2002-12-27,,,89.03,,,,82.0,
2003-01-03,,,86.48,,,,84.95,
2003-01-10,,,85.54,,,,86.64,
2003-01-17,,,86.95,,,,84.6,
2003-01-24,,,87.97,,,,80.97,
2003-01-31,,,88.06,,,,80.34,
2003-02-07,,,88.42,,,,77.9,
2003-02-14,,,87.81,,,,78.08,
2003-02-21,,,88.3,,,,79.66,
2003-02-28,,,90.47,,,,79.1,
2003-03-07,,,90.56,,,,77.99,
2003-03-14,,,89.96,,,,78.6,
2003-03-21,,,86.05,,,,84.0,
2003-03-28,,,87.75,,,,81.16,
2003-04-04,,,87.05,,,,82.29,
2003-04-11,,,87.26,,,,81.39,
2003-04-17,,,87.99,,,,83.79,
2003-04-25,,,88.92,,,,84.33,
2003-05-02,,,88.32,,,,87.35,
2003-05-09,,,90.58,,,,87.95,
2003-05-16,,,93.72,,,,89.09,
2003-05-23,,,95.85,,,,88.22,
2003-05-30,,,94.6,,,,91.27,
2003-06-06,,,94.14,,,,93.8,
2003-06-13,,,97.18,,,,93.78,
2003-06-20,,,93.75,,,,94.3,
2003-06-27,,,92.07,,,,92.51,
2003-07-03,,,90.6,,,,93.5,
2003-07-11,,,90.79,,,,95.01,
2003-07-18,,,87.7,,,,94.5,
2003-07-25,,,85.56,,,,95.06,
2003-08-01,,,82.51,,,,93.51,
2003-08-08,,,83.66,,,,93.01,
2003-08-15,,,82.0,,,,94.45,
2003-08-22,,,83.37,,,,95.3,
2003-08-29,,,83.65,,,,96.86,
2003-09-05,,,84.07,,,,98.31,
2003-09-12,,,84.68,,,,98.07,
2003-09-19,,,85.63,,,,99.64,
2003-09-26,,,87.48,,,,95.86,
2003-10-03,,,85.29,,,,98.92,
2003-10-10,,,84.55,,,,99.84,
2003-10-17,,,83.54,,,,99.97,
2003-10-24,,,85.27,,,,98.79,
2003-10-31,,,85.19,,,,101.28,
2003-11-07,,,83.5,,,,101.75,
2003-11-14,,,85.92,,,,101.64,
2003-11-21,,,86.5,,,,100.02,
2003-11-28,,,85.13,,,,102.8,
2003-12-05,,,85.8,,,,102.73,
2003-12-12,,102.09,85.51,,,,103.9,
2003-12-19,,102.12,87.07,,,,104.85,
2003-12-26,,102.25,86.98,,,,105.3,
2004-01-02,,101.49,84.44,,,,106.53,
2004-01-09,,102.46,86.95,,,,108.1,
2004-01-16,,103.08,87.61,,,,109.92,
2004-01-23,,102.85,87.38,,,,110.39,
2004-01-30,,102.95,87.04,,,,109.24,
2004-02-06,,103.43,87.38,,,,110.23,
2004-02-13,,104.29,87.8,,,,110.84,
2004-02-20,,103.55,87.34,,,,110.55,
2004-02-27,,105.16,88.66,,,,110.77,
2004-03-05,,106.38,89.64,,,,112.35,
2004-03-12,,106.3,90.28,,,,108.89,
2004-03-19,,106.84,90.43,,,,107.6,
2004-03-26,,106.93,89.78,,,,107.76,
2004-04-02,,104.8,86.71,,,,110.84,
2004-04-08,,103.84,86.05,,,,110.65,
2004-04-16,,103.43,84.56,,,,109.72,
2004-04-23,,101.46,84.04,,,,110.52,
2004-04-30,,101.26,83.64,,,,106.85,
2004-05-07,,99.85,81.32,,,,105.98,
2004-05-14,,100.83,81.31,,,,105.46,
2004-05-21,,101.88,81.74,,,,105.39,
2004-05-28,,102.75,83.1,,,,108.4,
2004-06-04,,101.15,81.5,,,,108.58,
2004-06-10,,100.61,81.48,,,,109.61,
2004-06-18,,101.3,82.58,,,,109.45,
2004-06-25,,101.34,83.13,,,,110.27,
2004-07-02,,102.92,84.35,,,,108.87,
2004-07-09,,102.41,84.38,,,,107.43,
2004-07-16,,102.85,85.49,,,,106.35,
2004-07-23,,102.48,84.95,,,,104.5,
2004-07-30,,102.33,84.59,,,,106.3,
2004-08-06,,103.45,86.42,,,,102.25,
2004-08-13,,104.39,86.64,,,,102.26,
2004-08-20,,104.08,86.54,,,,105.88,
2004-08-27,,103.66,86.82,,,,106.75,
2004-09-03,,103.45,86.66,,,,107.4,
2004-09-10,,103.49,87.1,,,,108.64,
2004-09-17,,103.48,87.92,,,,109.13,
2004-09-24,,103.89,89.43,,,,107.69,
2004-10-01,,103.7,87.45,,,,109.5,
2004-10-08,,104.05,87.95,,51.35,,108.59,
2004-10-15,,104.72,88.67,,52.38,,107.43,
2004-10-22,,105.5,89.82,,52.24,,106.5,
2004-10-29,,105.33,89.44,,53.1,,109.7,
2004-11-05,,104.71,87.81,,52.98,,113.16,
2004-11-12,,104.73,87.87,,55.2,,115.1,
2004-11-19,,105.3,88.26,,53.62,,113.95,
2004-11-26,,105.43,88.25,,55.1,,115.4,
2004-12-03,,105.0,87.44,,56.54,,116.35,
2004-12-10,,105.6,88.85,,57.13,,116.0,
2004-12-17,,106.15,88.75,,57.15,,117.2,
2004-12-23,,106.72,88.59,,56.32,,118.65,
2004-12-31,,105.81,88.55,,56.55,,118.05,
2005-01-07,,104.83,88.54,,53.51,,115.02,
2005-01-14,,105.65,90.17,,53.2,,114.9,
2005-01-21,,105.75,91.01,,53.65,,113.82,
2005-01-28,,105.76,91.45,,51.77,,113.94,
2005-02-04,,105.8,92.65,,53.55,,117.15,
2005-02-11,,106.676,92.79,,54.41,,117.55,
2005-02-18,,106.0,90.86,,54.46,,117.2,
2005-02-25,,105.65,91.0,,53.5,,118.09,
2005-03-04,,105.85,90.51,,54.85,,119.39,
2005-03-11,,104.5,88.43,,53.01,,117.26,
2005-03-18,,105.16,88.67,,53.41,,116.1,48.76
2005-03-24,,104.3,88.27,,51.5,,114.25,46.8
2005-04-01,,105.17,89.3,,51.85,,114.37,47.25
2005-04-08,,104.75,88.95,,52.0,,115.0,47.65
2005-04-15,,106.3,91.09,,52.7,,111.1,45.52
2005-04-22,,106.96,91.47,,53.15,,112.2,46.28
2005-04-29,,106.9,92.44,,54.81,,112.33,46.1
2005-05-06,,105.99,91.06,,54.9,,113.98,47.85
2005-05-13,,106.52,92.8,,55.3,,112.36,46.34
2005-05-20,,106.83,93.44,,57.47,,116.0,47.2
2005-05-27,,106.82,93.84,,56.15,,117.01,47.86
2005-06-03,,107.05,95.25,,57.2,,117.16,48.0
2005-06-10,,106.22,94.89,,58.3,,117.62,48.33
2005-06-17,,106.16,94.33,,59.91,,119.51,50.07
2005-06-24,,107.0,96.39,,58.93,,117.05,49.0
2005-07-01,,105.84,95.2,,59.2,,117.6,49.53
2005-07-08,,105.04,94.63,,60.88,,119.5,49.5
2005-07-15,,103.95,93.97,,60.48,,120.92,50.96
2005-07-22,,104.25,93.55,,61.25,,121.68,52.23
2005-07-29,,103.91,93.11,,62.89,,122.3,52.5
2005-08-05,,102.8,91.66,,59.93,,120.95,53.0
2005-08-12,,103.59,93.31,,59.33,,121.19,54.21
2005-08-19,,104.15,93.78,,59.15,,120.5,52.7
2005-08-26,,104.56,94.47,,59.12,,119.0,52.3
2005-09-02,,105.75,95.16,,60.72,,120.65,54.27
2005-09-09,,105.47,94.0,,61.8,,122.85,55.7
2005-09-16,,105.0,92.1,,61.25,,122.46,56.06
2005-09-23,,105.16,92.61,,59.34,,120.31,55.89
2005-09-30,,105.27,92.2,,60.45,,121.34,57.63
2005-10-07,,104.05,91.84,,57.65,,118.02,55.22
2005-10-14,,103.68,90.23,,56.94,,116.86,54.05
2005-10-21,,104.22,91.43,,56.99,,116.48,52.98
2005-10-28,,103.3,89.61,,58.41,,117.96,53.35
2005-11-04,,102.7,88.12,,57.44,,120.58,55.8
2005-11-11,,103.06,89.49,,59.82,,122.15,56.77
2005-11-18,,103.18,90.14,,60.6,,123.58,57.7
2005-11-25,,103.65,90.51,,62.16,,125.57,58.48
2005-12-02,,101.94,89.5,,61.73,,125.56,59.47
2005-12-09,,101.86,89.54,,61.6,,125.04,59.79
2005-12-16,,102.57,90.7,,61.81,,125.74,60.2
2005-12-23,,103.15,91.8,,62.01,,125.89,61.93
2005-12-30,,102.8201,91.9,,59.56,,123.33,60.88
2006-01-06,,102.7,91.72,,62.26,,127.22,64.82
2006-01-13,,103.11,92.03,,62.31,,127.639,64.97
2006-01-20,,103.41,92.38,,62.22,,125.25,63.45
2006-01-27,,102.52,90.51,,63.93,,127.8,67.69
2006-02-03,,103.05,90.85,,63.34,,126.03,65.79
2006-02-10,,102.26,90.3,,63.16,,126.018,66.01
2006-02-17,22.9,102.72,90.95,,65.28,,127.96,67.04
2006-02-24,23.44,102.65,91.05,,65.47,,128.48,67.34
2006-03-03,23.88,102.49,89.33,,65.18,,128.4,66.97
2006-03-10,22.85,101.1,88.28,,67.04,,127.61,65.0
2006-03-17,23.32,101.89,88.85,,69.27,,130.2,67.19
2006-03-24,23.22,101.859,89.09,,67.55,,129.6,66.37
2006-03-31,23.94,100.65,86.54,,67.92,,129.67,67.28
2006-04-07,24.39,99.58,85.1,,65.38,,129.3,69.31
2006-04-13,25.05,99.08,84.44,,63.75,,128.53,68.92
2006-04-21,26.14,100.05,84.8,,66.0,,131.05,72.65
2006-04-28,25.62,99.9,83.83,,65.61,,130.91,72.53
2006-05-05,25.7,99.2,83.6,,66.03,,132.4,75.6
2006-05-12,26.85,99.3,82.65,,64.01,,128.87,72.17
2006-05-19,25.42,99.83,84.43,,63.09,,126.37,67.77
2006-05-26,26.05,100.1,84.21,,64.26,,127.52,66.49
2006-06-02,25.71,99.98,84.79,,65.76,,128.55,66.26
2006-06-09,25.12,99.69,85.72,,66.06,,125.0,59.31
2006-06-16,24.35,99.21,84.31,,65.24,,124.25,60.15
2006-06-23,24.39,98.61,83.42,,64.25,,123.91,60.3
2006-06-30,25.3,99.57,84.32,,66.3,,126.31,64.28
2006-07-07,25.75,99.06,84.29,,67.3,,125.6,64.04
2006-07-14,26.5,99.58,85.04,,66.28,,122.28,61.2
2006-07-21,25.49,99.79,85.33,,66.65,,122.25,61.37
2006-07-28,25.61,100.55,85.7,,69.11,,126.17,66.18
2006-08-04,26.05,100.98,86.32,,70.13,,126.52,65.19
2006-08-11,25.54,100.74,85.4,,67.62,,124.97,65.23
2006-08-18,24.81,101.27,86.77,,69.39,,128.84,67.11
2006-08-25,25.06,101.58,87.44,,69.96,,127.81,65.78
2006-09-01,24.95,101.0,87.76,,70.87,,129.81,67.36
2006-09-08,24.5,100.3,87.33,,71.34,,128.46,66.15
2006-09-15,23.3,100.15,87.46,,73.09,,130.68,66.51
2006-09-22,23.2,101.07,89.61,,71.65,,130.07,65.54
2006-09-29,23.95,101.15,89.41,,71.89,,131.47,67.16
2006-10-06,23.69,100.39,88.27,,73.42,,133.04,68.1
2006-10-13,24.15,99.34,87.16,,75.09,,135.03,69.8
2006-10-20,24.05,99.22,87.55,,75.1,,135.17,69.59
2006-10-27,24.6,100.25,88.87,,75.78,,136.2,69.75
2006-11-03,24.71,99.58,88.42,,73.49,,134.88,71.32
2006-11-10,24.76,100.56,89.86,,74.02,,136.76,72.9
2006-11-17,24.52,99.79,89.95,,75.45,,138.89,72.76
2006-11-24,25.09,100.35,90.62,,80.01,,139.31,74.83
2006-12-01,25.77,101.45,91.42,,79.84,,138.86,75.22
2006-12-08,25.1,100.61,90.24,,79.47,,140.26,76.46
2006-12-15,25.52,99.85,89.73,,78.35,,141.69,77.17
2006-12-22,24.75,99.35,89.39,,75.21,,139.2,75.81
2006-12-29,24.58,98.8,88.43,,77.0,,140.21,77.39
2007-01-05,23.2,99.02,89.22,,75.79,,139.12,74.9
2007-01-12,23.18,98.04,88.04,,79.11,,141.93,75.77
2007-01-19,22.95,98.44,87.99,,80.9,,141.55,76.65
2007-01-26,23.58,98.34,86.91,,82.42,,140.95,76.67
2007-02-02,24.21,98.88,87.2,,84.24,,143.82,78.2
2007-02-09,24.42,98.75,87.63,,85.6,,143.2,77.67
2007-02-16,24.49,99.46,88.64,,85.48,,144.99,79.72
2007-02-23,25.24,99.84,88.84,,83.91,,144.96,80.07
2007-03-02,24.8,101.06,90.16,,79.4,,138.1,73.18
2007-03-09,24.71,100.45,89.4,,80.3,,139.9,75.49
2007-03-16,24.25,100.98,89.85,,79.0,,138.4,74.61
2007-03-23,24.85,101.0,88.79,,81.21,,143.51,78.74
2007-03-30,25.3776,101.04,88.28,,79.35,,141.47,78.87
2007-04-05,25.36,100.57,87.75,,80.07,,143.66,81.24
2007-04-13,25.7,99.95,87.12,,79.7,,144.73,83.05
2007-04-20,25.53,100.65,88.15,,80.4,,147.58,84.08
2007-04-27,25.8,100.8,87.83,,80.55,,148.47,83.5
2007-05-04,25.49,100.73,88.6,,78.7,,149.68,85.19
2007-05-11,25.35,100.5,88.19,,79.25,,149.8,85.8
2007-05-18,25.43,99.67,86.93,,74.55,,150.99,86.78
2007-05-25,25.6,99.78,86.37,,74.54,,150.5,86.42
2007-06-01,25.7,98.85,85.59,,79.06,,153.26,89.29
2007-06-08,25.49,98.15,83.8,,76.05,,150.2192,87.54
2007-06-15,26.65,98.04,83.69,,75.25,,152.76,91.2
2007-06-22,26.24,98.47,83.76,,72.13,,150.4,91.2
2007-06-29,25.7,98.98,85.17,,70.95,,149.38,91.29
2007-07-06,26.35,97.81,83.48,,73.39,,152.52,96.21
2007-07-13,26.65,98.29,84.26,,72.95,,154.2,99.16
2007-07-20,26.4,99.39,85.96,,70.93,,152.64,98.24
2007-07-27,26.28,100.28,87.26,,64.11,,143.97,92.3
2007-08-03,25.9,100.3,87.93,47.17,64.45,,142.38,90.2
2007-08-10,25.53,99.38,86.08,46.59,66.87,,143.72,90.45
2007-08-17,25.16,100.44,86.75,45.42,67.6,,143.06,85.56
2007-08-24,25.63,100.78,87.85,47.54,69.17,,146.85,91.62
2007-08-31,25.69,101.18,88.88,47.86,69.48,,146.22,94.49
2007-09-07,26.1,102.23,90.3,46.88,67.65,,144.93,93.11
2007-09-14,26.44,102.08,90.03,47.54,69.92,,147.21,95.92
2007-09-21,27.69,101.6,87.89,49.11,71.84,,151.22,100.75
2007-09-28,28.11,102.03,88.72,50.14,71.46,,151.2,103.78
2007-10-05,27.75,101.3,88.28,51.13,76.69,,154.61,109.6
2007-10-12,28.12,100.9,87.63,51.52,74.54,,155.08,111.65
2007-10-19,28.9078,102.97,90.46,49.95,69.09,,149.0,106.59
2007-10-26,29.85,103.35,90.5,51.57,71.67,,152.41,115.14
2007-11-02,30.76,104.0,91.04,51.35,68.56,,149.98,113.75
2007-11-09,31.11,105.35,91.33,49.64,65.95,,144.58,108.64
2007-11-16,30.32,105.12,92.41,49.39,66.14,,144.82,107.98
2007-11-23,31.64,106.69,93.73,49.18,64.25,,142.6,103.26
2007-11-30,30.31,106.7,94.38,50.39,66.05,,146.95,107.28
2007-12-07,30.89,104.45,91.75,50.82,67.57,,149.6,111.67
2007-12-14,31.43,104.33,90.61,48.64,62.8,,145.7,105.04
2007-12-21,30.91,105.1,91.67,48.73,62.36,,146.81,106.45
2007-12-28,31.52,105.11,92.48,48.29,60.96,,145.88,105.42
2008-01-04,32.49,106.97,94.27,46.84,56.95,,139.43,101.53
2008-01-11,32.01,107.26,94.2,45.96,57.35,,138.05,103.2
2008-01-18,31.42,108.5,95.49,43.71,55.08,,130.57,95.36
2008-01-25,32.18,109.2,95.95,43.37,59.9499,,131.41,91.9
2008-02-01,31.91,109.08,95.23,45.0,63.53,,138.4,97.19
2008-02-08,33.41,108.62,93.7,41.94,59.1199,,132.3,92.49
2008-02-15,33.73,107.53,91.88,43.1801,59.4,,134.1,96.45
2008-02-22,35.3,107.64,92.02,43.92,59.64,,134.27,98.3
2008-02-29,36.1,110.57,94.23,43.93,59.043,,132.8,97.62
2008-03-07,37.2,110.69,92.23,42.78,57.91,,128.5,94.2
2008-03-14,38.9,111.0276,95.0,42.83,59.0,,128.21,91.779
2008-03-20,35.05,110.42,97.181,42.28,63.55,,131.16,89.96
2008-03-28,36.65,109.64,95.55,43.81,62.15,,130.34,93.48
2008-04-04,37.09,108.9,95.2,45.84,66.06,,135.77,97.63
2008-04-11,37.95,109.52,95.67,44.55,63.55,,132.29,97.01
2008-04-18,38.88,107.56,92.77,46.17,66.27,,137.79,101.25
2008-04-25,38.85,106.42,91.82,46.47,68.14,,138.59,102.97
2008-05-02,37.99,106.32,91.61,46.94,67.74,,140.2199,104.1299
2008-05-09,40.62,107.83,92.5,46.56,65.41,,138.35,102.11
2008-05-16,40.53,107.72,91.84,48.13,68.13,,142.12,106.76
2008-05-23,41.82,108.49,91.77,46.9,64.83,,137.26,102.36
2008-05-30,40.55,106.78,90.28,47.01,66.23,,140.17,103.78
2008-06-06,42.07,106.72,90.76,45.58,64.58,,136.99,99.38
2008-06-13,43.6,104.79,88.87,44.3,64.06,,136.75,97.15
2008-06-20,43.86,105.5999,89.81,43.22,62.15,,66.6,46.9
2008-06-27,45.59,107.75,92.32,42.66,58.34,,64.22,46.59
2008-07-03,46.42,108.1,92.07,42.03,57.06,,63.01,44.48
2008-07-11,45.93,107.61,92.16,40.98,56.65,,62.1,44.27
2008-07-18,42.05,106.6,90.45,41.92,58.9,,63.1,45.0
2008-07-25,40.21,105.41,90.14,41.74,59.46,,63.1,44.22
2008-08-01,39.95,105.95,91.54,40.9,60.29,,63.41,44.49
2008-08-08,37.1,105.753,92.0,40.85,62.06,,65.0,43.06
2008-08-15,37.32,106.08,93.04,39.47,62.37,,65.5,41.91
2008-08-22,38.43,106.28,93.08,39.46,60.94,,65.04,41.56
2008-08-29,37.97,106.36,93.84,39.7,61.44,,64.62,41.06
2008-09-05,35.58,105.18,95.48,37.2299,61.2,,62.56,37.9
2008-09-12,34.32,105.05,94.94,37.66,62.84,,63.09,37.51
2008-09-19,34.62,104.14,93.97,38.39,64.97,,63.42,38.97
2008-09-26,35.3,102.66,94.5,37.4,61.3,,60.86,36.07
2008-10-03,30.53,101.86,97.4,33.4,53.1,,54.82,31.2
2008-10-10,27.61,94.91,95.95,26.74,46.85,,44.35,24.8
2008-10-17,27.02,95.47,93.87,27.803,42.372,,46.6,25.1
2008-10-24,24.45,94.35,96.73,24.746,35.19,,43.24,20.45
2008-10-31,26.44,92.37,92.83,27.94,41.51,,48.16,25.21
2008-11-07,24.68,94.45,94.26,27.96,38.75,,46.11,24.87
2008-11-14,23.55,95.52,95.17,25.68,31.81,,43.15,22.47
2008-11-21,22.02,92.53,102.92,23.72,25.99,,39.29,21.0
2008-11-28,22.25,93.18,105.72,26.09,32.08,,44.3,23.03
2008-12-05,19.7,97.25,110.48,25.26,33.22,,43.21,22.58
2008-12-12,21.9,96.6119,112.37,26.88,34.11,,43.72,24.57
2008-12-19,20.5,100.01,122.26,27.09,36.92,,44.11,25.04
2008-12-26,20.0,100.732,121.3,26.24,35.3,,43.32,22.97
2009-01-02,21.93,97.38,116.35,27.64,35.29,,46.03,24.83
2009-01-09,21.41,99.51,112.73,26.63,33.1,,44.19,23.582
2009-01-16,20.56,99.696,114.3,24.86,32.61,,42.33,22.12
2009-01-23,20.66,98.65,107.69,23.33,31.16,,41.3,21.19
2009-01-30,20.25,99.2,103.75,23.62,30.06,,41.14,21.47
2009-02-06,20.3301,99.46,102.29,24.82,31.13,,43.3,23.67
2009-02-13,19.51,99.91,102.41,23.57,27.06,,41.27,22.77
2009-02-20,18.55,99.96,103.92,22.0,25.94,,38.48,20.56
2009-02-27,19.11,97.02,101.88,21.24,23.89,,36.81,20.96
2009-03-06,19.2,97.47,104.26,19.97,21.15,,34.11,20.1
2009-03-13,19.13,98.4,102.73,21.36,25.65,,37.86,22.13
2009-03-20,20.92,101.79,103.92,22.51,23.0,,38.44,22.76
2009-03-27,20.66,103.08,104.56,23.27,24.01,,40.66,24.3
2009-04-03,21.04,101.34,102.92,24.8,28.13,,42.1,26.1
2009-04-09,20.86,101.31,102.35,24.67,29.61,,42.87,26.7701
2009-04-17,20.2,100.5,101.7,25.17,31.08,,43.6,27.01
2009-04-24,20.1,101.25,100.57,25.49,32.06,,43.45,27.14
2009-05-01,20.58,98.852,97.11,26.09,30.69,,44.18,28.17
2009-05-08,21.8,99.6,94.94,28.21,33.39,,46.55,30.57
2009-05-15,21.18,101.16,98.04,26.85,29.61,,44.31,29.2
2009-05-22,22.23,101.05,93.53,28.24,30.45,,44.63,31.13
2009-05-29,23.23,101.81,94.17,29.09,32.56,,46.33,32.62
2009-06-05,23.89,99.9,89.84,28.99,34.44,,47.47,32.9
2009-06-12,23.85,100.23,89.97,29.58,33.72,,47.79,32.97
2009-06-19,23.2,100.17,91.69,28.68,31.45,,46.39,31.19
2009-06-26,22.81,100.89,94.59,28.78,30.85,,46.14,31.99
2009-07-02,22.03,100.79,94.3,28.35,29.88,,45.32,31.56
2009-07-10,20.74,100.65,96.23,27.55,28.57,,44.14,30.65
2009-07-17,21.77,100.47,91.24,29.4,30.64,,47.32,33.14
2009-07-24,22.65,100.57,91.45,30.87,33.16,,49.39,34.86
2009-07-31,23.04,101.34,94.81,31.58,34.35,,49.85,35.29
2009-08-07,23.29,100.08,90.49,31.99,40.12,,51.12,35.98
2009-08-14,22.7,100.54,93.35,32.1648,38.28,,50.87,35.54
2009-08-21,22.94,101.83,93.77,32.84,38.75,,51.93,35.93
2009-08-28,22.73,101.85,96.51,33.24,39.9,,52.2,35.69
2009-09-04,21.62,101.25,95.21,32.8943,37.58,,51.46,36.24
2009-09-11,21.94,102.25,96.7,34.11,40.17,,53.08,37.5
2009-09-18,22.4325,101.94,95.76,34.86,43.6,,54.44,38.68
2009-09-25,21.35,102.34,97.98,34.15,40.85,,52.89,37.93
2009-10-02,21.7,102.92,99.01,33.03,39.31,,51.86,37.65
2009-10-09,22.7,102.79,95.9,34.56,41.37,,54.4,39.83
2009-10-16,23.9,103.58,95.45,35.18,40.76,,55.2,40.58
2009-10-23,24.71,103.19,94.95,35.2,40.92,,54.65,40.48
2009-10-30,23.585,104.01,95.78,33.35,39.6,,52.18,37.6
2009-11-06,23.76,104.32,93.33,34.46,39.54,,53.95,39.6
2009-11-13,23.81,104.61,93.92,35.34,42.08,,55.16,40.78
2009-11-20,24.26,105.66,95.12,34.61,41.83,,55.04,40.55
2009-11-27,24.39,106.51,96.4,34.52,40.68,,55.01,39.93
2009-12-04,24.45,104.86,93.34,35.49,44.3,,55.9,41.45
2009-12-11,23.68,104.22,92.09,34.79,43.55,,55.99,41.07
2009-12-18,23.84,105.04,92.79,34.3,44.24,,56.02,40.17
2009-12-24,24.34,103.78,89.71,34.36,45.92,,56.98,40.64
2009-12-31,24.62,103.9,89.89,34.2,44.74,,56.37,41.0
2010-01-08,25.38,104.62,89.29,35.46,44.57,,58.04,42.69
2010-01-15,24.37,105.01,91.08,35.22,44.59,,57.5,41.7
2010-01-22,23.52,105.19,92.0,33.22,42.6,,55.41,39.28
2010-01-29,22.69,105.49,92.31,32.34,42.27,,54.36,38.24
2010-02-05,22.38,105.09,91.98,31.52,42.09,,53.98,37.55
2010-02-12,23.02,104.01,90.19,32.16,42.0,,54.77,38.36
2010-02-19,23.95,103.84,89.45,32.71,44.26,,56.52,39.31
2010-02-26,23.63,103.91,91.67,32.58,44.63,,56.23,38.9614
2010-03-05,23.94,103.84,90.27,34.11,46.42,,58.21,41.06
2010-03-12,23.52,104.21,90.48,34.41,48.08,,58.87,41.35
2010-03-19,23.42,104.18,91.26,34.23,49.05,,59.25,41.29
2010-03-26,22.97,103.49,88.95,34.21,49.29,,59.39,41.24
2010-04-01,23.98,103.44,88.95,35.13,49.06,,60.02,43.16
2010-04-09,24.26,103.86,88.98,35.3,50.93,,61.0,43.68
2010-04-16,24.25,104.65,89.86,35.04,49.35,,61.06,42.55
2010-04-23,24.47,104.68,90.11,34.86,52.77,,62.47,43.08
2010-04-30,24.44,106.06,92.13,33.66,52.3,,60.89,42.06
2010-05-07,22.78,106.17,95.58,30.36,49.12,,56.62,38.41
2010-05-14,22.58,106.6,94.88,30.95,50.98,,58.33,39.67
2010-05-21,21.48,106.16,98.43,29.97,48.34,,55.71,37.41
2010-05-28,21.96,106.1,96.5,29.78,49.51,,56.09,38.2
2010-06-04,21.25,105.97,97.79,28.95,46.5,,54.669,37.41
2010-06-11,21.95,105.73,97.41,30.19,50.0,,55.99,38.87
2010-06-18,22.4,106.25,97.69,31.24,51.23,,57.34,40.06
2010-06-25,22.34,106.65,99.05,30.69,49.16,,55.05,40.05
2010-07-02,21.2,105.82,100.79,29.52,45.44,,52.08,38.3
2010-07-09,21.98,105.74,99.22,31.45,47.77,,54.89,40.48
2010-07-16,21.97,105.73,100.8,31.12,47.07,,54.23,39.37
2010-07-23,22.44,105.62,99.78,32.39,49.935,,56.26,41.65
2010-07-30,22.89,106.37,100.48,32.65,50.95,,56.25,41.87
2010-08-06,23.29,107.06,100.1,33.76,51.62,,57.27,42.64
2010-08-13,22.41,107.23,102.29,31.89,49.78,,55.0,41.31
2010-08-20,22.2,107.16,106.04,31.71,49.47,,54.69,41.68
2010-08-27,22.54,107.46,105.35,31.81,50.31,,54.38,41.21
2010-09-03,22.92,107.38,103.58,33.07,53.37,,56.49,42.65
2010-09-10,23.2,107.53,102.32,33.26,52.33,,56.69,42.93
2010-09-17,23.36,107.39,101.67,33.68,53.33,,57.6,43.66
2010-09-24,23.82,108.715,103.5,34.85,52.78,,58.52,44.87
2010-10-01,24.16,109.22,104.61,34.91,52.34,,58.63,46.17
2010-10-08,25.14,111.54,104.22,35.82,53.67,,59.58,46.94
2010-10-15,24.94,111.5,100.27,36.28,54.39,,60.24,47.42
2010-10-22,24.925,111.81,101.38,36.09,55.57,,60.57,46.78
2010-10-29,25.18,111.62,100.42,35.92,54.55,,60.72,46.87
2010-11-05,26.41,111.5,97.98,37.31,57.29,,62.94,49.24
2010-11-12,25.26,110.014,95.81,36.21,54.4,49.96,61.68,47.22
2010-11-19,24.66,109.34,96.59,36.47,53.18,49.2,61.81,47.21
2010-11-26,25.26,109.5,97.07,34.99,53.81,47.71,61.5,45.6
2010-12-03,26.36,108.54,94.89,36.21,54.67,49.61,63.34,47.81
2010-12-10,26.24,106.19,93.15,36.37,53.96,49.42,64.21,47.38
2010-12-17,26.47,107.33,93.24,36.32,53.54,49.03,64.475,47.2075
2010-12-23,27.12,107.02,92.93,35.84,54.92,49.69,64.84,46.98
2010-12-31,27.55,107.52,94.12,36.15,55.37,50.6,64.93,48.146
2011-01-07,27.12,107.58,92.35,35.69,55.02,50.59,65.53,47.75
2011-01-14,28.0225,107.76,91.835,36.94,55.67,51.45,66.76,48.4575
2011-01-21,27.96,107.0,91.52,36.87,55.46,50.59,66.04,47.16
2011-01-28,28.09,107.51,91.92,36.58,56.42,49.82,65.83,46.01
2011-02-04,28.67,105.83,88.81,37.775,57.05,51.0,67.61,47.06
2011-02-11,28.65,105.45,89.46,37.77,58.52,49.65,68.75,45.925
2011-02-18,28.69,106.46,89.49,38.49,58.73,50.613,69.54,46.895
2011-02-25,29.67,108.44,92.28,37.9,58.41,50.18,68.3375,46.0125
2011-03-04,30.43,108.61,90.81,38.06,57.82,50.92,68.46,47.39
2011-03-11,29.49,109.18,91.55,36.88,57.837,49.92,67.49,46.37
2011-03-18,29.72,110.23,93.46,36.01,57.12,48.7488,66.28,45.74
2011-03-25,30.32,108.9,92.17,36.85,57.01,49.92,67.86,47.79
2011-04-01,30.72,108.86,92.19,37.69,58.56,51.09,69.04,49.75
2011-04-08,31.92,108.98,89.88,38.03,57.54,51.48,68.83,50.37
2011-04-15,31.17,110.35,92.67,37.84,58.97,51.4199,68.41,49.55
2011-04-21,31.71,110.19,92.6,38.56,59.99,51.97,69.31,50.71
2011-04-29,31.9,111.16,93.89,39.62,61.83,52.85,70.7,50.6
2011-05-06,28.6,110.94,95.07,38.26,60.46,51.5043,69.41,48.74
2011-05-13,29.04,110.37,95.08,37.64,60.53,50.9799,69.37,47.42
2011-05-20,29.35,110.1,95.32,37.57,60.7,51.47,69.14,47.705
2011-05-27,30.08,111.15,96.47,37.8,61.7,51.79,69.2,48.3
2011-06-03,30.245,110.37,96.33,37.89,60.68,51.8991,67.53,48.52
2011-06-10,30.28,110.4,97.14,36.7,58.1,50.69,65.89,47.215
2011-06-17,29.23,110.52,96.9,36.44,59.28,50.242,65.92,46.57
2011-06-24,28.26,111.47,96.98,36.11,58.58,49.94,65.72,46.64
2011-07-01,29.0,110.01,93.63,38.48,61.13,52.4,69.38,49.18
2011-07-08,29.97,110.91,95.37,37.85,62.76,52.31,69.76,49.0
2011-07-15,30.51,111.87,96.17,36.85,61.37,51.28,68.28,47.73
2011-07-22,30.75,112.03,96.05,38.18,63.18,52.29,69.71,48.68
2011-07-29,30.28,114.17,97.92,37.17,61.04,52.04,66.85,48.32
2011-08-05,28.82,113.63,102.32,34.04,53.53,47.92,61.62,43.65
2011-08-12,28.71,116.3,105.57,33.52,54.79,46.9299,60.7,42.37
2011-08-19,29.1,116.07,111.2,31.8,53.21,45.3788,57.65,40.74
2011-08-26,29.605,114.85,108.49,32.75,54.93,46.37,60.47,41.6
2011-09-02,29.79,116.61,112.51,32.78,55.44,47.396,60.37,42.79
2011-09-09,29.29,116.44,113.71,30.95,55.06,45.21,59.45,41.15
2011-09-16,28.98,115.21,112.24,32.17,57.2,45.32,62.7,41.53
2011-09-23,26.55,115.26,120.83,29.72,51.56,41.3508,58.0,36.79
2011-09-30,25.75,114.3,120.8,30.13,50.87,41.0,57.72,35.83
2011-10-07,26.35,114.85,118.24,30.96,49.89,41.9,58.97,37.01
2011-10-14,27.87,113.75,113.95,32.95,53.04,44.95,62.67,40.22
2011-10-21,27.18,114.45,113.13,32.93,55.16,44.52,63.26,39.6
2011-10-28,28.15,115.46,111.46,34.88,58.8,47.29,65.95,43.23
2011-11-04,27.99,117.4,116.48,32.73,57.67,45.234,64.49,41.98
2011-11-11,28.15,117.06,115.65,32.77,57.25,44.68,64.92,41.6
2011-11-18,27.29,116.46,119.34,31.2,55.39,42.41,62.46,39.44
2011-11-25,26.64,116.73,120.8,29.38,52.35,40.498,59.46,37.01
2011-12-02,27.78,116.99,118.64,32.16,55.42,43.63,64.01,40.64
2011-12-09,27.29,115.91,116.71,32.25,56.34,43.0535,64.57,40.2
2011-12-16,26.17,116.97,122.32,30.59,56.55,41.28,62.62,38.4
2011-12-23,27.0,116.85,118.27,30.66,58.18,41.05,64.74,38.73
2011-12-30,26.84,116.69,121.25,30.63,58.0,40.7,64.3,38.21
2012-01-06,27.59,117.37,118.73,30.46,57.84,40.87,65.38,38.57
2012-01-13,27.29,117.58,120.88,30.72,58.39,41.79,66.15,39.62
2012-01-20,27.41,116.94,116.98,32.1,59.88,44.2,67.53,41.7
2012-01-27,28.19,118.4,118.08,32.53,61.86,44.93,67.86,42.63
2012-02-03,28.32,118.29,116.57,33.38,63.32,45.89,69.48,44.21
2012-02-10,28.45,118.45,116.99,33.03,62.03,45.6,69.31,43.28
2012-02-17,28.69,118.33,116.58,33.79,62.35,47.26,70.37,44.28
2012-02-24,29.68,119.0,117.5,34.23,61.7,47.65,70.61,44.51
2012-03-02,29.48,118.39,117.15,33.95,61.27,47.85,70.6,44.97
2012-03-09,29.31,118.61,115.97,33.68,61.38,47.478,70.82,44.16
2012-03-16,29.58,117.6,111.43,34.42,63.18,48.35,72.46,44.45
2012-03-23,29.15,117.91,113.21,33.93,62.96,46.85,72.11,43.315
2012-03-30,28.8,117.65,112.2,34.03,63.65,47.01,72.26,43.47
2012-04-05,28.7,117.38,112.91,32.86,62.91,46.55,71.77,43.17
2012-04-13,28.34,119.07,116.84,32.4,62.27,46.64,70.37,42.57
2012-04-20,28.04,119.11,117.07,33.09,64.0,47.359,70.82,42.75
2012-04-27,28.3,119.55,117.29,33.41,65.64,47.95,72.17,42.68
2012-05-04,27.24,119.27,118.14,32.31,65.27,47.05,70.28,41.698
2012-05-11,26.68,119.38,119.5,31.61,65.59,45.895,69.64,40.28
2012-05-18,26.27,120.51,124.2001,29.72,61.1001,43.51,66.42,37.709
2012-05-25,26.05,120.38,123.4,29.73,62.67,43.87,67.76,37.57
2012-06-01,24.72,121.01,130.36,28.77,60.99,43.31,65.6,37.08
2012-06-08,25.14,120.18,125.21,29.94,63.63,44.8699,68.09,38.27
2012-06-15,24.86,120.78,126.4,30.59,63.77,45.72,68.77,39.235
2012-06-22,24.39,119.34,125.02,30.7,63.49,45.83,68.55,38.63
2012-06-29,25.75,119.7,125.2,31.57,65.43,47.8,69.7,39.93
2012-07-06,25.91,120.25,127.06,31.29,66.29,48.08,69.51,39.62
2012-07-13,26.7,120.97,129.17,31.21,66.73,48.17,69.47,39.33
2012-07-20,27.63,121.47,130.06,31.1,66.05,48.3261,69.74,39.385
2012-07-27,27.42,120.79,128.48,31.89,66.53,49.5805,70.77,40.39
2012-08-03,27.52,121.25,127.42,32.28,67.13,50.25,70.96,40.76
2012-08-10,28.05,120.56,125.7,32.82,65.7,50.244,71.86,41.6
2012-08-17,28.25,118.85,121.6,33.11,66.33,50.2,72.63,41.35
2012-08-24,28.52,120.38,124.81,32.93,66.26,50.11,72.25,40.95
2012-08-31,28.79,121.14,127.72,32.69,66.73,50.75,72.21,40.108
2012-09-07,28.97,120.91,124.03,33.71,67.74,51.03,73.96,41.51
2012-09-14,29.73,121.93,118.3,34.9,68.76,52.88,75.5,43.22
2012-09-21,28.63,121.5,121.55,34.51,66.54,52.2,75.04,42.655
2012-09-28,28.68,121.76,124.22,32.88,64.9691,51.43,73.65,41.72
2012-10-05,28.54,122.56,121.15,33.57,65.17,52.0894,74.7,42.27
2012-10-12,28.55,122.2,123.97,32.98,64.77,51.77,73.02,41.6
2012-10-19,28.0023,121.71,121.74,33.58,65.54,52.4,73.29,41.8059
2012-10-26,27.58,121.82,122.64,33.28,63.76,52.8,72.28,41.55
2012-11-02,27.14,122.02,122.26,33.3,65.12,53.31,72.47,41.84
2012-11-09,27.6,122.77,125.98,32.71,63.74,52.42,70.77,41.31
2012-11-16,27.51,122.83,126.37,32.27,62.44,52.22,69.75,40.68
2012-11-23,28.06,121.87,124.21,33.79,64.04,53.65,72.38,41.88
2012-11-30,28.1,122.91,124.79,34.13,64.21,54.28,72.88,42.015
2012-12-07,27.61,123.15,124.43,34.38,65.21,55.1,73.04,43.04
2012-12-14,27.55,122.35,123.6,34.74,64.65,55.35,72.89,43.73
2012-12-21,27.52,122.04,122.25,35.06,66.32,54.19,73.43,43.42
2012-12-28,27.63,122.15,123.31,34.72,65.11,54.19,71.98,43.88
2013-01-04,27.53,120.46,118.4,35.65,66.9187,55.35,75.43,45.28
2013-01-11,27.59,121.26,119.85,36.0,67.16,55.4699,75.77,44.84
2013-01-18,27.98,121.34,120.04,36.06,68.09,55.65,76.5,45.13
2013-01-25,28.01,120.76,118.03,36.62,68.95,55.6134,77.51,44.56
2013-02-01,28.58,120.19,115.54,36.87,68.66,56.08,78.0,44.86
2013-02-08,28.55,120.61,117.12,36.33,68.92,55.16,78.38,44.29
2013-02-15,28.35,120.05,116.5,36.24,69.24,55.2,78.59,44.41
2013-02-22,27.6,120.43,117.03,36.32,69.51,54.93,78.31,43.69
2013-03-01,26.94,121.52,118.9,36.08,69.32,56.26,78.42,43.57
2013-03-08,27.2,120.0,114.75,36.87,69.97,56.7209,80.27,44.42
2013-03-15,27.4,120.56,115.76,37.16,70.44,56.649,80.87,43.21
2013-03-22,27.16,120.87,117.33,36.75,69.55,56.4401,80.29,42.33
2013-03-28,27.31,121.268,117.76,36.43,70.53,57.38,80.96,42.895
2013-04-05,26.67,122.57,122.82,36.37,72.25,58.75,79.96,41.96
2013-04-12,26.42,122.08,121.93,37.4,73.9,59.99,81.74,42.34
2013-04-19,25.73,121.45,122.83,36.55,73.8,60.24,79.98,42.215
2013-04-26,26.12,122.55,123.39,37.79,73.78,60.32,81.49,42.77
2013-05-03,26.42,120.85,120.93,38.62,75.47,62.05,83.04,44.0
2013-05-10,26.35,120.01,118.75,38.74,76.1,61.0,84.3,44.27
2013-05-17,26.18,118.92,117.06,39.01,77.53,60.46,86.08,44.02
2013-05-24,26.1,118.2,116.8,38.03,74.63,57.28,85.09,42.835
2013-05-31,25.86,116.73,114.45,37.19,70.78,55.1999,84.27,41.539
2013-06-07,26.32,115.44,113.16,37.32,70.74,55.36,84.83,41.11
2013-06-14,26.3,114.47,113.82,36.98,70.18,53.93,84.1,39.79
2013-06-21,25.43,110.44,108.402,35.79,66.61,51.37,82.36,37.85
2013-06-28,25.13,112.01,110.44,35.6,68.72,53.38,82.67,38.795
2013-07-05,25.56,110.64,106.26,35.92,68.83,53.528,84.28,37.72
2013-07-12,26.16,111.72,107.72,37.19,71.16,54.65,86.69,39.2
2013-07-19,26.23,113.42,109.2,37.68,72.33,55.11,87.53,39.55
2013-07-26,25.85,112.29,108.14,37.72,71.23,55.0,87.54,40.06
2013-08-02,25.89,112.58,106.52,38.27,68.73,55.08,88.57,39.8
2013-08-09,25.69,113.36,107.26,38.29,68.89,55.29,87.79,39.58
2013-08-16,26.46,110.51,103.37,38.27,64.35,54.57,85.88,39.28
2013-08-23,26.57,110.57,104.29,38.21,65.86,53.53,86.48,38.67
2013-08-30,26.66,110.74,105.99,36.85,64.5,52.5,84.77,37.72
2013-09-06,26.66,109.16,103.05,38.09,64.8,53.58,86.13,39.58
2013-09-13,26.34,109.84,103.55,39.11,66.39,55.49,87.92,40.875
2013-09-20,25.96,111.99,104.925,40.01,68.09,57.25,89.2,41.78
2013-09-27,25.87,112.37,106.56,39.88,66.85,56.95,88.06,40.515
2013-10-04,25.88,112.4051,105.71,39.63,65.9,56.64,88.15,41.5
2013-10-11,26.15,112.13,105.455,40.05,67.83,57.69,88.7,42.15
2013-10-18,26.26,112.69,107.04,41.03,69.86,58.73,90.95,42.495
2013-10-25,25.86,113.41,108.29,41.2,71.05,58.36,91.67,42.12
2013-11-01,25.43,112.04,106.19,40.65,69.49,57.58,91.51,41.845
2013-11-08,25.23,111.49,103.41,40.42,66.62,56.32,91.89,40.57
2013-11-15,25.35,112.19,104.73,41.05,67.54,57.77,93.44,41.61
2013-11-22,25.56,111.86,103.91,41.04,66.09,56.67,93.73,41.35
2013-11-29,25.51,111.61,104.45,41.12,65.5,56.3,93.86,41.48
2013-12-06,25.74,110.33,102.92,40.55,65.93,55.55,93.86,41.33
2013-12-13,25.39,110.54,103.21,39.76,64.36,54.48,92.46,40.34
2013-12-20,25.66,110.42,104.25,40.47,65.52,53.28,94.33,39.95
2013-12-27,25.85,109.75,101.81,41.39,64.89,53.86,95.54,40.67
2014-01-03,25.13,110.21,102.17,40.99,64.93,53.69,95.06,39.65
2014-01-10,24.86,111.54,104.41,41.46,66.12,54.06,95.84,39.87
2014-01-17,24.91,111.41,105.48,41.45,66.39,53.97,95.71,39.44
2014-01-24,25.08,111.81,107.48,40.21,66.28,52.42,93.32,37.96
2014-01-31,24.88,112.21,108.28,39.51,67.32,51.58,92.88,37.67
2014-02-07,25.51,112.23,106.79,40.4,67.91,52.78,93.55,38.28
2014-02-14,25.78,111.84,106.58,41.23,69.39,53.54,95.9,39.1
2014-02-21,26.2,111.69,106.67,41.5,69.71,53.84,96.1,39.07
2014-02-28,26.13,112.7,108.57,41.86,70.73,53.63,97.4,38.89
2014-03-07,26.29,112.13,105.89,41.98,70.33,54.33,98.38,38.95
2014-03-14,26.03,112.83,108.52,40.4,70.46,52.71,96.58,38.01
2014-03-21,25.76,111.82,108.23,40.41,70.24,52.58,97.75,38.65
2014-03-28,26.14,112.08,109.37,41.04,70.03,53.82,96.52,40.28
2014-04-04,26.07,112.1,108.46,41.39,71.09,54.81,96.92,40.81
2014-04-11,26.27,113.09,110.73,40.76,70.47,54.71,94.25,41.32
2014-04-17,26.64,113.08,110.05,41.48,71.77,55.6,96.73,41.56
2014-04-25,26.57,113.55,111.33,41.4,72.07,54.76,96.55,40.46
2014-05-02,26.28,114.03,112.71,42.0,73.23,55.4799,97.48,41.24
2014-05-09,26.1,113.91,111.24,41.86,74.22,55.77,97.17,41.34
2014-05-16,26.27,114.95,113.54,42.06,74.64,56.91,97.18,42.61
2014-05-23,26.43,115.21,112.7,42.25,74.14,57.13,98.49,42.9
2014-05-30,26.03,115.59,114.1,42.66,74.69,57.87,99.58,42.21
2014-06-06,26.05,113.79,111.59,43.17,76.09,58.27,101.2,43.36
2014-06-13,26.39,113.85,112.15,42.84,74.41,57.65,100.62,43.61
2014-06-20,26.92,114.62,111.8,43.31,75.62,58.22,102.17,43.61
2014-06-27,26.74,115.345,113.24,42.54,75.02,58.0,101.73,43.2
2014-07-03,26.4,114.11,110.68,43.09,74.63,58.491,102.98,44.01
2014-07-11,25.75,115.29,113.58,42.04,75.54,58.35,101.74,43.98
2014-07-18,25.54,115.28,114.52,42.31,76.56,58.95,102.14,44.23
2014-07-25,25.69,115.67,115.67,42.37,76.03,59.02,102.14,44.9
2014-08-01,25.12,114.99,114.56,41.35,75.24,58.51,99.49,43.98
2014-08-08,25.28,115.36,115.52,40.81,74.92,57.71,99.93,43.78
2014-08-15,24.94,115.75,117.71,41.36,76.23,58.91,101.27,44.58
2014-08-22,24.87,114.92,117.29,41.53,76.75,59.23,103.01,44.99
2014-08-29,25.03,115.25,118.77,41.69,77.18,58.8,103.88,45.4
2014-09-05,24.63,114.1,115.73,41.81,77.92,59.16,104.11,46.49
2014-09-12,23.83,112.66,113.38,41.16,73.86,57.44,103.08,44.26
2014-09-19,23.68,112.04,114.6,41.1,73.64,56.26,103.98,43.97
2014-09-26,23.49,112.11,116.0,40.18,72.31,55.23,101.9,42.53
2014-10-03,22.83,112.41,117.7,38.88,72.24,53.87,101.08,41.5
2014-10-10,22.59,113.79,120.05,37.44,73.49,53.18,97.66,40.93
2014-10-17,22.27,114.0,121.07,37.57,74.67,53.66,97.12,41.15
2014-10-24,22.16,113.29,119.72,38.59,77.05,54.88,101.15,41.47
2014-10-31,22.32,113.08,119.25,39.61,78.99,56.86,104.02,42.64
2014-11-07,21.98,113.62,119.75,38.94,78.93,55.1,104.78,41.81
2014-11-14,21.64,113.2,119.49,39.24,78.45,56.39,105.17,42.13
2014-11-21,21.74,113.06,120.1,39.49,79.18,56.19,106.37,43.11
2014-11-28,20.42,113.26,122.49,39.61,80.57,56.22,106.6,42.17
2014-12-05,20.17,112.0,121.09,39.62,80.59,56.0,106.95,41.51
2014-12-12,19.31,112.78,126.3,37.79,80.83,54.3,103.34,38.84
2014-12-19,19.22,112.35,125.87,38.63,82.03,54.82,106.91,39.67
2014-12-26,18.79,111.57,124.41,38.7,82.0,54.29,107.36,40.04
2015-01-02,18.23,112.73,127.32,37.69,82.22,53.77,105.92,39.56
2015-01-09,17.73,113.08,131.07,37.21,85.13,54.23,105.27,40.1
2015-01-16,17.55,113.8,133.19,37.87,87.34,55.63,104.0199,40.39
2015-01-23,17.29,114.32,134.77,38.23,87.88,55.875,105.75,41.66
2015-01-30,17.4,115.63,138.28,38.15,86.55,54.94,103.1,39.94
2015-02-06,18.02,113.86,130.96,38.86,85.2,56.21,106.33,40.72
2015-02-13,18.3,112.66,128.19,39.68,85.06,56.81,108.47,41.78
2015-02-20,17.96,112.48,126.54,40.46,84.61,57.01,109.28,41.77
2015-02-27,18.17,114.14,129.53,40.5,83.37,56.96,109.02,41.8
2015-03-06,17.57,111.97,123.5,39.74,80.37,55.34,107.46,40.14
2015-03-13,16.95,111.51,126.72,39.27,82.38,54.71,106.87,39.2
2015-03-20,17.21,113.76,131.51,40.86,87.03,56.44,109.76,40.72
2015-03-27,17.18,113.67,131.06,40.37,83.86,56.74,106.87,40.08
2015-04-02,17.29,114.05,130.73,40.41,84.83,57.19,107.39,42.06
2015-04-10,17.44,113.95,129.62,41.13,82.52,58.84,109.12,43.8
2015-04-17,17.94,115.49,131.45,41.01,81.8,58.53,108.08,43.52
2015-04-24,18.0,115.02,129.07,41.93,82.62,59.29,109.85,44.67
2015-05-01,18.27,113.89,124.0,41.72,79.98,59.4,108.9,44.16
2015-05-08,18.22,113.25,122.51,41.97,80.48,59.13,109.45,43.94
2015-05-15,18.45,113.15,121.59,42.45,81.09,59.95,109.94,44.37
2015-05-22,17.99,112.93,120.4,42.2,80.05,59.45,110.3,43.96
2015-05-29,17.71,113.21,122.71,41.35,79.14,57.75,109.31,42.34
2015-06-05,17.57,111.36,117.6,40.7,77.21,56.67,108.91,41.43
2015-06-12,17.59,111.47,117.95,41.06,77.45,56.94,109.06,41.55
2015-06-19,17.45,112.61,119.08,40.98,78.78,56.67,109.94,41.47
2015-06-26,17.7,111.44,115.23,40.94,75.9,56.3,109.01,41.25
2015-07-02,17.75,112.13,116.0,40.01,76.11,55.54,107.58,41.07
2015-07-10,17.27,111.82,116.05,40.03,77.76,54.72,107.6,39.73
2015-07-17,16.85,112.02,118.72,40.6,78.51,55.96,109.96,40.05
2015-07-24,16.14,112.1,121.39,39.68,78.07,54.71,107.56,38.39
2015-07-31,15.73,112.65,122.53,40.23,79.0,55.1,108.84,38.32
2015-08-07,15.43,112.08,124.34,40.14,78.79,55.12,107.43,37.54
2015-08-14,15.33,111.7,123.96,39.79,79.83,55.06,108.16,36.82
2015-08-21,14.81,112.15,126.4,37.16,78.18,51.85,102.23,33.86
2015-08-28,15.32,111.68,122.36,37.6,75.76,51.53,102.98,34.61
2015-09-04,15.21,110.91,122.68,35.89,72.2,49.23,99.76,32.78
2015-09-11,15.23,111.0,121.39,37.02,74.0,50.95,101.86,34.07
2015-09-18,15.01,111.22,122.1,36.67,76.3,50.96,101.84,34.36
2015-09-25,15.15,110.13,121.54,35.69,75.29,50.81,99.61,32.6898
2015-10-02,15.15,111.67,124.56,36.33,76.46,51.87,100.36,34.07
2015-10-09,15.76,111.28,122.28,37.93,78.99,53.34,103.83,36.02
2015-10-16,15.42,111.29,123.93,38.14,80.01,53.84,104.51,36.37
2015-10-23,15.0,111.26,123.2,38.62,80.72,54.46,106.31,36.41
2015-10-30,15.2,110.96,122.78,38.04,79.89,53.55,106.53,34.84
2015-11-06,14.92,109.76,119.0,37.93,78.22,52.81,107.84,35.39
2015-11-13,14.29,109.82,119.68,36.96,76.44,51.44,103.84,33.7
2015-11-20,14.18,110.6,120.45,37.93,79.22,53.2,107.22,35.22
2015-11-27,14.28,110.85,120.97,37.8,79.98,52.37,107.63,33.99
2015-12-04,14.19,110.42,120.58,37.85,79.09,52.94,107.39,33.93
2015-12-11,13.53,110.32,123.76,36.22,77.66,50.59,103.24,31.56
2015-12-18,13.27,109.83,123.23,36.36,79.08,51.73,102.9,32.64
2015-12-24,13.39,109.77,121.83,37.14,79.42,51.77,105.23,33.35
2015-12-31,13.36,109.68,120.58,36.72,79.73,51.1,104.3,32.71
2016-01-08,12.8,110.39,123.36,34.37,77.46,48.17,97.97,30.0
2016-01-15,12.065,110.24,125.752,33.34,75.57,46.82,95.46,28.76
2016-01-22,12.4,109.95,125.34,34.07,76.41,46.93,96.81,29.57
2016-01-29,12.78,111.4,127.3,34.69,76.99,48.66,98.33,30.83
2016-02-05,12.53,111.39,128.72,33.7,75.51,48.07,95.26,30.29
2016-02-12,12.5,111.6,131.5,32.74,72.29,47.21,94.36,29.63
2016-02-19,12.44,111.35,131.005,33.75,75.43,49.18,97.3,30.68
2016-02-26,12.59,112.38,130.41,33.77,77.01,49.24,99.11,30.54
2016-03-04,13.15,112.57,128.6,35.37,79.87,51.42,102.07,33.41
2016-03-11,13.44,112.05,127.36,35.98,81.19,52.25,103.19,33.61
2016-03-18,13.58,113.52,129.06,36.02,83.02,53.29,104.13,34.4
2016-03-24,13.35,113.12,129.54,35.29,80.95,52.29,103.32,33.81
2016-04-01,13.06,114.73,130.68,35.48,83.69,53.24,105.48,34.68
2016-04-08,13.26,114.86,132.01,35.46,83.16,53.55,104.2,33.87
2016-04-15,13.56,114.33,131.88,36.54,83.38,54.23,106.06,35.11
2016-04-22,14.06,113.82,128.36,37.27,81.77,54.64,106.8,35.02
2016-04-29,14.58,114.88,129.38,36.71,81.83,54.63,105.51,34.93
2016-05-06,14.12,114.65,130.45,36.01,85.59,53.84,104.98,33.47
2016-05-13,14.48,115.25,132.28,35.73,84.4,53.13,104.42,32.86
2016-05-20,14.66,114.09,130.15,36.02,82.04,53.25,104.89,32.8
2016-05-27,14.8,114.31,129.85,36.73,83.68,53.73,107.39,33.71
2016-06-03,14.99,115.06,133.23,36.88,84.51,54.63,107.69,34.57
2016-06-10,15.36,115.81,134.78,36.06,84.7,54.12,107.5,34.2
2016-06-17,15.27,115.39,135.61,35.13,85.64,52.89,105.8,33.83
2016-06-24,15.01,115.78,135.78,34.08,84.87,51.81,104.04,33.48
2016-07-01,15.54,117.06,140.57,35.44,88.7,54.16,107.37,35.49
2016-07-08,14.88,117.55,143.6,35.08,89.8,53.9,108.84,35.41
2016-07-15,14.93,116.41,138.39,36.16,90.11,54.69,110.55,36.56
2016-07-22,14.56,116.08,138.8,36.14,91.78,55.4,111.32,36.89
2016-07-29,14.28,116.9,141.56,36.83,92.45,56.24,111.42,37.04
2016-08-05,14.36,115.71,138.0,36.64,90.33,56.42,111.89,37.49
2016-08-12,14.56,116.09,140.08,37.37,90.23,57.03,112.04,38.18
2016-08-19,15.12,115.99,138.71,37.35,88.52,56.99,112.14,38.34
2016-08-26,14.87,115.7,138.36,37.05,88.18,56.32,111.54,37.47
2016-09-02,14.39,115.59,138.63,37.67,89.52,56.63,112.28,38.1
2016-09-09,14.65,115.08,135.52,37.15,86.09,55.9,109.655,37.41
2016-09-16,14.44,114.95,134.75,36.33,84.97,54.65,109.61,36.8
2016-09-23,14.57,116.22,136.82,37.44,88.53,56.04,111.15,37.69
2016-09-30,15.01,116.49,137.51,37.41,86.74,56.17,111.33,37.63
2016-10-07,15.18,115.65,133.92,36.99,82.15,53.96,110.54,37.94
2016-10-14,15.26,115.43,131.59,36.48,83.08,53.11,109.37,37.32
2016-10-21,15.33,116.13,133.31,36.86,83.47,53.89,109.8,38.07
2016-10-28,15.16,115.64,130.45,36.54,80.45,53.11,108.82,37.45
2016-11-04,14.7,115.89,131.74,35.82,78.82,52.84,106.79,36.56
2016-11-11,14.41,114.25,122.04,35.93,78.54,51.19,111.41,35.25
2016-11-18,14.67,113.32,120.85,35.58,78.92,50.34,112.77,35.38
2016-11-25,15.01,113.12,120.82,35.94,80.18,50.7,114.55,35.96
2016-12-02,15.6,112.95,119.6,35.97,80.0,51.0,113.31,35.77
2016-12-09,15.6,112.8,117.5,37.12,83.21,52.06,117.15,36.7
2016-12-16,15.64,111.09,117.14,36.73,82.63,50.41,116.77,35.65
2016-12-23,15.54,112.42,118.05,36.46,80.82,48.92,116.42,35.03
2016-12-30,15.84,113.17,119.13,36.54,82.53,49.57,115.32,35.78
2017-01-06,15.83,113.45,120.86,37.4,84.29,51.07,117.23,36.73
2017-01-13,15.89,113.98,121.31,37.78,82.61,50.89,117.22,37.24
2017-01-20,15.87,113.71,119.94,37.62,83.14,50.59,116.91,37.02
2017-01-27,15.75,113.97,119.63,38.02,82.34,50.94,118.16,38.01
2017-02-03,15.91,113.83,119.0,38.23,82.8,51.62,118.42,38.29
2017-02-10,16.05,114.2,120.76,38.26,83.81,52.42,119.54,38.91
2017-02-17,15.78,114.16,120.32,38.47,83.77,52.43,121.31,39.17
2017-02-24,15.7,114.96,122.01,38.35,85.4,52.88,121.98,39.19
2017-03-03,15.62,113.86,119.35,38.6,84.21,52.25,122.75,38.94
2017-03-10,14.91,112.96,117.25,38.63,80.41,52.04,122.04,38.65
2017-03-17,14.99,113.81,118.64,39.34,82.44,53.31,122.57,40.06
2017-03-24,14.91,114.45,120.88,39.2,81.88,53.63,120.16,40.21
2017-03-31,15.21,114.65,120.71,39.3,82.59,53.26,121.32,39.72
2017-04-07,15.41,114.35,120.71,39.01,83.51,53.88,120.88,39.97
2017-04-13,15.61,115.23,123.47,38.89,84.27,54.36,119.55,39.75
2017-04-21,14.98,114.72,123.54,39.17,85.1,54.52,120.83,39.7
2017-04-28,14.8,115.01,122.35,40.17,82.79,54.46,122.61,40.34
2017-05-05,14.46,113.75,121.29,41.09,82.4,54.99,123.33,40.21
2017-05-12,14.62,113.77,121.39,40.99,81.28,55.26,122.77,40.93
2017-05-19,15.07,114.59,123.71,41.49,82.19,55.58,122.37,40.69
2017-05-26,14.87,114.4,123.48,41.53,82.66,56.14,124.09,41.11
2017-06-02,14.42,114.83,125.62,42.22,83.47,57.48,125.41,41.17
2017-06-09,14.32,114.17,124.4,41.7,83.67,57.16,125.19,40.97
2017-06-16,14.12,113.68,126.35,41.8,84.94,57.57,125.25,40.75
2017-06-23,13.82,114.31,127.78,41.22,84.15,56.84,125.05,40.73
2017-06-30,14.45,113.43,125.12,41.32,83.23,56.25,124.45,40.83
2017-07-07,14.25,112.46,122.72,41.08,82.0,55.62,124.52,40.61
2017-07-14,14.53,113.05,123.33,42.07,83.08,57.08,126.23,42.52
2017-07-21,14.45,113.58,125.69,42.32,83.75,57.87,126.95,42.6
2017-07-28,14.95,113.66,123.89,42.42,84.15,58.55,126.86,42.94
2017-08-04,14.82,113.63,124.93,42.73,83.98,58.84,126.91,43.24
2017-08-11,14.78,114.27,126.43,41.81,82.1,57.87,125.04,42.41
2017-08-18,14.84,113.98,126.62,41.96,82.19,57.96,124.21,43.03
2017-08-25,14.79,114.09,127.32,42.4,83.82,58.55,125.36,44.2
2017-09-01,15.12,114.12,126.75,42.6,84.33,59.17,127.27,44.62
2017-09-08,15.12,115.22,129.0,42.94,84.93,59.95,126.49,44.53
2017-09-15,15.34,114.5,126.86,43.29,85.34,60.45,128.6,45.06
2017-09-22,15.42,114.03,126.2,43.31,82.49,60.2,128.37,44.18
2017-09-29,15.4,113.58,124.76,43.41,83.09,59.41,129.52,43.57
2017-10-06,15.23,113.38,123.59,43.36,83.3,59.62,131.19,44.37
2017-10-13,15.58,114.13,125.85,44.15,84.79,60.51,131.36,45.18
2017-10-20,15.6,113.41,123.98,43.95,83.65,60.16,132.42,44.81
2017-10-27,15.93,113.45,123.24,43.88,82.28,59.44,132.64,44.74
2017-11-03,16.22,113.95,125.64,44.33,83.09,59.89,132.82,44.62
2017-11-10,16.4,113.71,124.1,44.04,84.93,60.0,132.54,44.59
2017-11-17,16.32,114.12,126.39,43.87,84.65,59.78,132.64,44.87
2017-11-24,16.44,114.14,126.8,44.72,84.95,60.83,134.11,45.6
2017-12-01,16.3,113.61,126.55,44.43,84.59,60.51,136.07,44.05
2017-12-08,15.96,113.69,126.69,44.37,84.03,60.63,136.48,44.14
2017-12-15,15.84,113.89,128.35,44.44,85.08,61.07,137.55,44.43
2017-12-22,16.2,113.18,124.77,44.59,81.83,59.64,137.52,45.43
2017-12-29,16.61,114.08,126.86,44.86,82.98,60.5,137.25,45.91
2018-01-05,16.71,113.92,125.71,46.16,81.05,62.35,140.37,47.86
2018-01-12,16.97,113.38,124.52,46.8,78.61,62.85,142.75,48.47
2018-01-19,16.88,113.2,123.06,47.1,78.71,63.43,143.92,49.45
2018-01-26,17.25,113.37,123.59,47.88,79.69,65.14,146.86,50.98
2018-02-02,16.99,112.37,119.58,46.09,77.08,62.23,141.3,48.26
2018-02-09,16.13,111.5,117.94,43.66,74.15,58.43,134.23,45.64
2018-02-16,16.57,111.8,118.71,45.39,75.29,60.69,140.11,48.3
2018-02-23,16.86,111.9,118.13,45.4,74.94,60.76,140.86,48.65
